{
    "batchName": "",
    "batchTime": 0,
    "boardConf": "",
    "boardCustom": "",
    "boardName": "OAK-D-LITE",
    "boardOptions": 0,
    "boardRev": "R1M1E3",
    "cameraData": [
        [
            2,
            {
                "cameraType": 0,
                "distortionCoeff": [
                    1.3876163959503174,
                    -19.491165161132813,
                    -0.003795374883338809,
                    0.0013240294065326452,
                    112.78277587890625,
                    1.3843568563461304,
                    -19.499370574951172,
                    112.5400161743164,
                    0.0,
                    0.0,
                    0.0,
                    0.0,
                    0.0,
                    0.0
                ],
                "extrinsics": {
                    "rotationMatrix": [
                        [
                            0.9999757409095764,
                            -0.0010724397143349051,
                            -0.006881291978061199
                        ],
                        [
                            0.0010859259637072682,
                            0.9999974966049194,
                            0.0019563930109143257
                        ],
                        [
                            0.0068791769444942474,
                            -0.0019638179801404476,
                            0.9999744296073914
                        ]
                    ],
                    "specTranslation": {
                        "x": 3.75,
                        "y": 0.0,
                        "z": 0.0
                    },
                    "toCameraSocket": 0,
                    "translation": {
                        "x": 3.7836012840270996,
                        "y": -0.10678635537624359,
                        "z": -0.013175214640796185
                    }
                },
                "height": 480,
                "intrinsicMatrix": [
                    [
                        453.4768371582031,
                        0.0,
                        315.5469055175781
                    ],
                    [
                        0.0,
                        452.548095703125,
                        220.99562072753906
                    ],
                    [
                        0.0,
                        0.0,
                        1.0
                    ]
                ],
                "lensPosition": 0,
                "specHfovDeg": 72.9000015258789,
                "width": 640
            }
        ],
        [
            1,
            {
                "cameraType": 0,
                "distortionCoeff": [
                    27.187747955322266,
                    -222.3458709716797,
                    -1.3086374565318692e-05,
                    -0.003676456632092595,
                    822.2777709960938,
                    27.098630905151367,
                    -221.2396240234375,
                    817.9428100585938,
                    0.0,
                    0.0,
                    0.0,
                    0.0,
                    0.0,
                    0.0
                ],
                "extrinsics": {
                    "rotationMatrix": [
                        [
                            0.9999867677688599,
                            -0.00375232077203691,
                            -0.0035248873755335808
                        ],
                        [
                            0.003764949506148696,
                            0.999986469745636,
                            0.003583010286092758
                        ],
                        [
                            0.0035113950725644827,
                            -0.0035962339024990797,
                            0.9999873638153076
                        ]
                    ],
                    "specTranslation": {
                        "x": -7.5,
                        "y": 0.0,
                        "z": 0.0
                    },
                    "toCameraSocket": 2,
                    "translation": {
                        "x": -7.436322212219238,
                        "y": -0.007030261680483818,
                        "z": -0.18698135018348694
                    }
                },
                "height": 480,
                "intrinsicMatrix": [
                    [
                        457.79864501953125,
                        0.0,
                        313.3688049316406
                    ],
                    [
                        0.0,
                        456.95758056640625,
                        224.1139678955078
                    ],
                    [
                        0.0,
                        0.0,
                        1.0
                    ]
                ],
                "lensPosition": 0,
                "specHfovDeg": 72.9000015258789,
                "width": 640
            }
        ],
        [
            0,
            {
                "cameraType": 0,
                "distortionCoeff": [
                    -2.220599412918091,
                    -20.63966178894043,
                    0.0011670502135530114,
                    -0.0008913927595131099,
                    75.77696228027344,
                    -2.3674519062042236,
                    -19.638132095336914,
                    73.72835540771484,
                    0.0,
                    0.0,
                    0.0,
                    0.0,
                    0.0,
                    0.0
                ],
                "extrinsics": {
                    "rotationMatrix": [],
                    "specTranslation": {
                        "x": 0.0,
                        "y": 0.0,
                        "z": 0.0
                    },
                    "toCameraSocket": -1,
                    "translation": {
                        "x": 0.0,
                        "y": 0.0,
                        "z": 0.0
                    }
                },
                "height": 2160,
                "intrinsicMatrix": [
                    [
                        3000.52294921875,
                        0.0,
                        1887.6763916015625
                    ],
                    [
                        0.0,
                        2999.2294921875,
                        1062.10302734375
                    ],
                    [
                        0.0,
                        0.0,
                        1.0
                    ]
                ],
                "lensPosition": 135,
                "specHfovDeg": 68.7938003540039,
                "width": 3840
            }
        ]
    ],
    "deviceName": "",
    "hardwareConf": "",
    "housingExtrinsics": {
        "rotationMatrix": [],
        "specTranslation": {
            "x": 0.0,
            "y": 0.0,
            "z": 0.0
        },
        "toCameraSocket": -1,
        "translation": {
            "x": 0.0,
            "y": 0.0,
            "z": 0.0
        }
    },
    "imuExtrinsics": {
        "rotationMatrix": [],
        "specTranslation": {
            "x": 0.0,
            "y": 0.0,
            "z": 0.0
        },
        "toCameraSocket": -1,
        "translation": {
            "x": 0.0,
            "y": 0.0,
            "z": 0.0
        }
    },
    "miscellaneousData": [],
    "productName": "",
    "stereoEnableDistortionCorrection": false,
    "stereoRectificationData": {
        "leftCameraSocket": 1,